,Unnamed: 0,Titles,Page Creation Date
0,0,2019–20 Hong Kong protests,2019-06-10T17:14:51Z
1,1,Hong Kong,2001-09-14T04:13:22Z
2,2,2019 Hong Kong extradition bill,2019-05-01T11:05:05Z
3,3,Government of Hong Kong,2002-11-26T12:38:42Z
4,4,Murder of Poon Hiu-wing,2019-12-01T07:33:59Z
5,5,"One country, two systems",2002-07-28T02:32:03Z
6,6,Demosistō,2016-04-06T11:59:10Z
7,7,Hong Kong 1 July marches,2005-12-05T16:48:19Z
8,8,Civil Human Rights Front,2007-07-02T13:26:17Z
9,9,Hong Kong Human Rights and Democracy Act,2017-05-04T00:12:51Z
10,10,Chinese University of Hong Kong conflict,2019-11-12T23:37:20Z
11,11,Death of Chow Tsz-lok,2019-11-12T23:20:54Z
12,12,Siege of the Hong Kong Polytechnic University,2019-11-18T04:55:33Z
13,13,2019 Yuen Long attack,2019-07-22T22:13:59Z
14,14,Hong Kong–Mainland China conflict,2014-11-05T14:11:23Z
15,15,Storming of the Legislative Council Complex,2019-08-29T21:28:10Z
16,16,Hong Kong Way,2019-08-23T22:22:23Z
17,17,2019 Prince Edward station attack,2019-10-06T06:03:43Z
18,18,Death of Chan Yin-lam,2019-11-12T16:03:13Z
19,19,2019 Hong Kong local elections,2017-09-04T13:02:24Z
20,20,List of protests in Hong Kong,2014-10-08T05:36:49Z
21,21,Police misconduct allegations during the 2019–20 Hong Kong protests,2019-08-24T15:46:32Z
22,22,Art of the 2019–20 Hong Kong protests,2019-09-09T10:06:39Z
23,23,12 June 2019 Hong Kong protest,2019-11-13T14:01:17Z
24,24,Umbrella Movement,2014-10-02T00:52:26Z
25,25,Causes of the 2019–20 Hong Kong protests,2019-08-14T11:13:43Z
26,26,Tactics and methods surrounding the 2019–20 Hong Kong protests,2019-08-22T16:12:25Z
27,27,Carrie Lam,2008-07-26T12:22:04Z
28,28,Reactions to the 2019–20 Hong Kong protests,2019-08-24T16:02:53Z
29,29,List of early 2019 Hong Kong protests,2020-03-18T17:55:09Z
30,30,List of July 2019 Hong Kong protests,2019-08-16T20:55:53Z
31,31,List of August 2019 Hong Kong protests,2019-08-16T20:59:48Z
32,32,List of September 2019 Hong Kong protests,2019-09-01T09:08:33Z
33,33,List of October 2019 Hong Kong protests,2019-10-01T14:57:59Z
34,34,List of November 2019 Hong Kong protests,2019-10-31T19:04:22Z
35,35,List of December 2019 Hong Kong protests,2019-11-29T19:12:29Z
36,36,List of January 2020 Hong Kong protests,2019-12-24T21:01:56Z
37,37,Glory to Hong Kong,2019-09-10T17:11:18Z
38,38,Lennon Wall (Hong Kong),2015-03-24T03:57:09Z
39,39,HKmap.live,2019-10-10T17:00:08Z
40,40,Killing of Luo Changqing,2020-02-03T17:38:31Z
41,41,Talk:2019–20 Hong Kong protests,2019-06-10T17:32:14Z
42,42,Talk:Hong Kong,2003-05-04T10:05:32Z
43,43,Talk:2019 Hong Kong extradition bill,2019-05-16T23:33:00Z
44,44,Talk:Government of Hong Kong,2002-11-26T12:39:05Z
45,45,Talk:Murder of Poon Hiu-wing,2019-12-02T18:28:13Z
46,46,"Talk:One country, two systems",2005-08-05T14:30:48Z
47,47,Talk:Demosistō,2016-04-10T16:03:49Z
48,48,Talk:Hong Kong 1 July marches,2007-08-06T23:07:17Z
49,49,Talk:Civil Human Rights Front,2007-12-28T18:33:44Z
50,50,Talk:Hong Kong Human Rights and Democracy Act,2017-11-21T00:06:44Z
51,51,Talk:Chinese University of Hong Kong conflict,2019-11-14T12:28:24Z
52,52,Talk:Death of Chow Tsz-lok,2019-11-13T01:57:45Z
53,53,Talk:Siege of the Hong Kong Polytechnic University,2019-11-18T09:44:19Z
54,54,Talk:2019 Yuen Long attack,2019-07-22T23:17:26Z
55,55,Talk:Hong Kong–Mainland China conflict,2015-02-22T13:52:38Z
56,56,Talk:Storming of the Legislative Council Complex,2019-10-09T15:04:39Z
57,57,Talk:Hong Kong Way,2019-08-23T22:55:19Z
58,58,Talk:2019 Prince Edward station attack,2019-10-06T08:15:22Z
59,59,Talk:Death of Chan Yin-lam,2019-11-13T12:12:51Z
60,60,Talk:2019 Hong Kong local elections,2018-08-25T04:42:41Z
61,61,Talk:List of protests in Hong Kong,2019-06-18T06:36:19Z
62,62,Talk:Police misconduct allegations during the 2019–20 Hong Kong protests,2019-08-25T06:59:54Z
63,63,Talk:Art of the 2019–20 Hong Kong protests,2019-10-02T19:54:07Z
64,64,Talk:12 June 2019 Hong Kong protest,2019-11-13T14:12:20Z
65,65,Talk:Umbrella Movement,2014-11-29T02:41:51Z
66,66,Talk:Causes of the 2019–20 Hong Kong protests,2019-08-14T12:18:26Z
67,67,Talk:Tactics and methods surrounding the 2019–20 Hong Kong protests,2019-08-25T07:12:14Z
68,68,Talk:Carrie Lam,2009-03-12T07:30:58Z
69,69,Talk:Reactions to the 2019–20 Hong Kong protests,2019-08-25T07:19:02Z
70,70,Talk:List of early 2019 Hong Kong protests,2020-03-18T17:55:11Z
71,71,Talk:List of July 2019 Hong Kong protests,2019-08-17T00:18:22Z
72,72,Talk:List of August 2019 Hong Kong protests,2019-08-17T00:17:25Z
73,73,Talk:List of September 2019 Hong Kong protests,2019-09-01T09:10:21Z
74,74,Talk:List of October 2019 Hong Kong protests,2019-10-01T23:39:49Z
75,75,Talk:List of November 2019 Hong Kong protests,2019-11-02T02:30:39Z
76,76,Talk:List of December 2019 Hong Kong protests,2019-12-02T04:32:08Z
77,77,Talk:List of January 2020 Hong Kong protests,2020-01-04T18:57:15Z
78,78,Talk:Glory to Hong Kong,2019-09-10T17:27:38Z
79,79,Talk:Lennon Wall (Hong Kong),2015-09-12T21:51:25Z
80,80,Talk:HKmap.live,2019-10-10T18:06:47Z
81,81,Talk:Killing of Luo Changqing,2020-02-03T17:38:32Z
