,Titles,Start Date,Page Creation Date
0,2019–20 Hong Kong protests,2019-03-15,2019-06-10T17:14:51Z
1,2019 Hong Kong extradition bill,,2019-05-01T11:05:05Z
2,Murder of Poon Hiu-wing,,2019-12-01T07:33:59Z
3,Demosistō,,2016-04-06T11:59:10Z
4,Hong Kong 1 July marches,,2005-12-05T16:48:19Z
5,Civil Human Rights Front,,2007-07-02T13:26:17Z
6,Hong Kong Human Rights and Democracy Act,,2017-05-04T00:12:51Z
7,Chinese University of Hong Kong conflict,,2019-11-12T23:37:20Z
8,Death of Chow Tsz-lok,,2019-11-12T23:20:54Z
9,Siege of the Hong Kong Polytechnic University,,2019-11-18T04:55:33Z
10,2019 Yuen Long attack,,2019-07-22T22:13:59Z
11,Storming of the Legislative Council Complex,,2019-08-29T21:28:10Z
12,Hong Kong Way,,2019-08-23T22:22:23Z
13,2019 Prince Edward station attack,,2019-10-06T06:03:43Z
14,Death of Chan Yin-lam,,2019-11-12T16:03:13Z
15,Police misconduct allegations during the 2019–20 Hong Kong protests,,2019-08-24T15:46:32Z
16,12 June 2019 Hong Kong protest,,2019-11-13T14:01:17Z
17,Umbrella Movement,,2014-10-02T00:52:26Z
18,Reactions to the 2019–20 Hong Kong protests,,2019-08-24T16:02:53Z
19,Glory to Hong Kong,,2019-09-10T17:11:18Z
20,Lennon Wall (Hong Kong),,2015-03-24T03:57:09Z
21,HKmap.live,,2019-10-10T17:00:08Z
22,Killing of Luo Changqing,,2020-02-03T17:38:31Z
