,pageid,ns,title
0,61009783,0,2019 Hong Kong extradition bill protests
1,61009891,0,2019 extradition bill protests
2,61462375,0,Hong Kong anti-extradition bill protests
3,61466943,0,Hard hat revolution
4,61466949,0,Anti-ELAB protests
5,61466953,0,China extradition bill protests
6,61466958,0,Anti-elab protests
7,61468237,118,Draft:Hard hat revolution
8,61468240,118,Draft:Anti-ELAB protests
9,61468242,118,Draft:China extradition bill protests
10,61468244,118,Draft:Anti-elab protests
11,61468245,118,"Draft:Liberate Hong Kong, revolution of our times"
12,61468246,118,Draft:Liberate Hong Kong revolution of our times
13,61564680,0,Hong Kong 2019 riots
14,61583688,0,Related movements surrounding the 2019 Hong Kong anti-extradition bill protests
15,61697258,0,2019 Hong Kong anti-extradition bill protests
16,61732785,0,Water Revolution
17,61732789,0,Water revolution
18,61814765,0,History of the 2019 Hong Kong protests
19,62038195,0,5 demands
20,62054754,0,Economic impact of the 2019 Hong Kong protests
21,62107078,0,Five demands
22,62112349,0,Anti-ELAB movement
23,62138791,0,2019 Hong Kong Protests
24,62287116,0,Deaths and fatal injuries in 2019 Hong Kong protests
25,62350185,0,Anti-Extradition Law Amendment Bill
26,62353529,0,2019 HK protests
27,62434954,0,2019 Hong Kong protest
28,62651357,0,2019-2020 Hong Kong protests
29,62651374,0,2019-20 Hong Kong protests
30,62700291,0,Hong Kong protests (2019–present)
31,62701426,0,2020 Hong Kong protests
32,62701928,0,Anti-Extradition Law Amendment Bill movement
33,62702664,0,Hong Kong protests (2019-present)
34,62705615,0,2019 Hong Kong protests
35,62751069,0,2019–2020 Hong Kong protests
36,62764823,0,Hong Kong democracy protests
37,63227822,0,Deaths and serious injuries in the 2019–20 Hong Kong protests
38,63230160,0,Deaths and serious injuries in the 2019-20 Hong Kong protests
